{
   "abstract" : "sapnwrfc - SAP Netweaver RFC support for Perl",
   "author" : [
      "Piers Harding <piers@cpan.org>"
   ],
   "dynamic_config" : 1,
   "generated_by" : "ExtUtils::MakeMaker version 7.76, CPAN::Meta::Converter version 2.150010",
   "license" : [
      "unknown"
   ],
   "meta-spec" : {
      "url" : "http://search.cpan.org/perldoc?CPAN::Meta::Spec",
      "version" : 2
   },
   "name" : "sapnwrfc",
   "no_index" : {
      "directory" : [
         "t",
         "inc"
      ]
   },
   "prereqs" : {
      "build" : {
         "requires" : {
            "ExtUtils::MakeMaker" : "0"
         }
      },
      "configure" : {
         "requires" : {
            "ExtUtils::MakeMaker" : "0"
         }
      },
      "runtime" : {
         "requires" : {
            "Test::More" : "0",
            "YAML" : "0"
         }
      }
   },
   "release_status" : "stable",
   "version" : "0.52",
   "x_serialization_backend" : "JSON::PP version 4.16"
}
